model_target,name,val_mae,test_mae,val_rmse,test_rmse,val_r2,test_r2,val_f1,test_f1,val_acc,test_acc
position_model,Linear Regression,3.124755905848832,3.43753426541903,3.972800990919222,4.333062676720186,0.523608279065056,0.43329045634149366,,,,
points_finish_model,Random Forest,,,,,,,0.832271762208068,0.7547169811320755,0.8350730688935282,0.755741127348643
points_model,Linear Regression,2.8116467500558535,4.964180373150417,4.3647031771656035,8.647095847150199,0.6349780289009241,-0.45184486888501074,,,,
